<?xml version="1.0" encoding="UTF-8"?>
<project-private xmlns="http://www.netbeans.org/ns/project-private/1">
    <editor-bookmarks xmlns="http://www.netbeans.org/ns/editor-bookmarks/2" lastBookmarkId="0"/>
    <open-files xmlns="http://www.netbeans.org/ns/projectui-open-files/2">
        <group>
            <file>file:/C:/Users/LENOVO/Downloads/TowerDefense-main/TowerDefense/src/TowerDefense/ComoJugar.java</file>
            <file>file:/C:/Users/LENOVO/Downloads/TowerDefense-main/TowerDefense/src/TowerDefense/Jugador.java</file>
            <file>file:/C:/Users/LENOVO/Downloads/TowerDefense-main/TowerDefense/src/TowerDefense/SeleccionTropas.java</file>
            <file>file:/C:/Users/LENOVO/Downloads/TowerDefense-main/TowerDefense/src/TowerDefense/MenuPrincipal.java</file>
            <file>file:/C:/Users/LENOVO/Downloads/TowerDefense-main/TowerDefense/src/TowerDefense/Arquero.java</file>
            <file>file:/C:/Users/LENOVO/Downloads/TowerDefense-main/TowerDefense/src/TowerDefense/MainJuego.java</file>
        </group>
    </open-files>
</project-private>
